y_bar,x_bar,m_bar,y_se,x_se,m_se,cor_xy,cor_xm,cor_my,n
-0.814876266,-0.946184475,-0.949906277,1.708215151,1.57454732,1.289492761,0.797663387,-0.137814384,0.008490203,100
-0.702104844,-0.962763466,-0.966322225,1.523939283,1.593733916,1.213449203,0.764786554,-0.083824966,-0.06199083,100
-0.897028173,-1.044927559,-0.896285874,1.515735631,1.547270131,1.227526194,0.755595664,-0.025887492,-0.006133714,100
