"","y_bar","x_bar","m_bar","y_var","x_var","m_var","cor_xy","cor_xm","cor_my","n"
"1",-0.0274363005596137,-0.00039124977119871,0.0773111526512697,1.31741472150878,0.999664360424008,1.06943569640908,0.399575800477809,0.130063602138479,0.24844893848299,500
"2",0.0766868604559079,0.0563137196498232,0.00594258529056176,1.3668122788739,1.0418848038242,1.0971101765969,0.537350694410322,0.222369229034952,0.202656402672272,500
"3",0.0769342140118413,0.0378588117596839,0.00863741216223017,1.2978753261298,1.02861872951646,0.987833804026785,0.456017732355044,0.0892675842453799,0.264419057060833,500
"4",0.0237275212268333,-0.0185212406474008,0.0525199018088716,1.53938580435114,0.976052313046223,0.995535044491658,0.485060779829765,0.285385365924799,0.28900801841311,500
